question_id,image_filename,Marks,solution_image_id,solve_text,subject,Gemini2.0Flash_1,Gemini2.0Flash_2,Gemini2.5Flash_1,Gemini2.5Flash_2,Gemini2.5Pro_1,Gemini2.5Pro_2,Gemini2.0Flash_1_Token,Gemini2.0Flash_2_Token,Gemini2.5Flash_1_Token,Gemini2.5Flash_2_Token,Gemini2.5Pro_1_Token,Gemini2.5Pro_2_Token
3,1004.jpg,0.0,,"ধরি, বর্গাকার তলার বাহুর দৈর্ঘ্য a, পাত্রের উচ্চতা h
V = a²h = 1L = 1dm³
⇒ h = 1/a²
প্লাস্টিকের প্রয়োজন, A = a² + 4ah = a² + 4/a
dA/da = 2a - 4/a² ⇒ d²A/da² = 2 + 8/a³
2a - 4/a² = 0 হলে 2a = 4/a² ⇒ 2a³ = 4
⇒ a = ³√2 dm
d²A/da² a = ³√2 বসিয়ে d²A/da² = 2 + 8/2 = 6 > 0
∴ a = ³√2 dm এর জন্য সবচেয়ে কম প্লাস্টিক প্রয়োজন হবে।
∴ বর্গাকার তলার বাহুর দৈর্ঘ্য = ³√2 dm = 1.2599 dm (Ans.)
∴ পাত্রটির উচ্চতা = 1/(³√2)² dm = 0.6299dm(Ans.)
নম্বর বণ্টনঃ
d²A/da² = 2 + 8/a³ ; নির্ণয়ের জন্য ০২ নম্বর।
বর্গাকার তলার বাহুর দৈর্ঘ্য = 1.2599 dm ; নির্ণয়ের জন্য ০৪ নম্বর।
পাত্রটির উচ্চতা = 0.6299dm ; নির্ণয়ের জন্য ০৪ নম্বর।",Math,"মার্কস: ৬/১০
তলার ক্ষেত্রফল এবং উচ্চতা ধরা (১/১)
আয়তন থেকে উচ্চতা বের করা (১/১)
মোট ক্ষেত্রফল বের করা (১/২): x^2 + 2xy = সমগ্র তলের ক্ষেত্রফল - এই পর্যন্ত ঠিক আছে। কিন্তু এর পরের লাইনে x^2 + 2x * 1000/x লেখার পরে 2x^2 + 2000/x  - এই লাইনটি ভুল। এখানে x^2 + (2*1000) = x^2 + 2000 হবে। 
ক্ষেত্রফলের অন্তরকলজ (ডেরিভেটিভ) করা (২/৩) : ক্ষেত্রফলের ভুল সমীকরণের কারণে অন্তরকলজ ও ভুল হয়েছে। 2x - 2000/x^2 = 0 - এই পর্যন্ত ঠিক আছে। 
x এর মান বের করা (১/২) : x^3 = 10 - এই লাইনটি ভুল। x^3 = 1000 হবে। 
y এর মান বের করা (০/১)

চিহ্নিত ভুল:
* ক্ষেত্রফলের সমীকরণ ভুল।
* ক্ষেত্রফলের অন্তরকলজ (ডেরিভেটিভ) ভুল।
* x এর মান নির্ণয়ে ভুল।
* উচ্চতার মান নির্ণয় করা হয়নি।
* একক ব্যবহারে ভুল (cm^3 এর জায়গায় cm লেখা হয়েছে)।

ভুল গুলোর সঠিক:
* সঠিক ক্ষেত্রফল: x^2 + 2000/x
* ক্ষেত্রফলের সঠিক অন্তরকলজ: 2x - 2000/x^2
* x এর সঠিক মান: x = 10
* y এর সঠিক মান: y = 10

অসম্পূর্ণ উত্তরের ক্ষেত্রে বাকি অংশের সমাধান:
y = 1000 / x^2 = 1000 / 100 = 10

মার্কস কাটার কারণ:
* ক্ষেত্রফলের সমীকরণ ভুল: ১ নম্বর কাটা।
* ক্ষেত্রফলের অন্তরকলজ (ডেরিভেটিভ) ভুল: ১ নম্বর কাটা।
* x এর মান নির্ণয়ে ভুল: ১ নম্বর কাটা।
* উচ্চতার মান বের না করায়: ১ নম্বর কাটা।

মন্তব্য:
ক্ষেত্রফলের সমীকরণটি ভালোভাবে দেখো। অন্তরকলজ করার সময় সাবধান থেকো। একক লেখার ব্যাপারে আরও মনোযোগ দিতে হবে।","মার্কস: ০২/১০
চিহ্নিত ভুল:
*   সমগ্র তলের ক্ষেত্রফল নির্ণয়ে ভুল হয়েছে। মুখ খোলা পাত্রের জন্য ক্ষেত্রফল হবে x² + 4xy। এখানে, x² + 2xy লেখা হয়েছে।
*   1 লিটার = 1000 ঘন সেন্টিমিটার (cm³) এই একক পরিবর্তন টি প্রথমে করে নিতে হবে।
*   dA/dx = 0 সমাধান করে x এর মান নির্ণয়ে ভুল হয়েছে। 2x - 2000/x² = 0 => x³ = 1000 => x = ∛1000 = 10 cm হবে।
*   উচ্চতা y এর মান নির্ণয়ে ভুল হয়েছে। y = 1000/x² = 1000/10² = 10 cm হবে।

ভুল গুলোর সঠিক:
*   সমগ্র তলের ক্ষেত্রফল: x² + 4xy
*   1 লিটার = 1000 ঘন সেন্টিমিটার
*   x এর মান: 10 cm
*   y এর মান: 10 cm

অসম্পূর্ণ উত্তরের ক্ষেত্রে বাকি অংশের সমাধান:
দ্বিতীয় অন্তরকলজ করে দেখতে হবে x এর এই মানের জন্য ক্ষেত্রফল সর্বনিম্ন হয় কিনা।

মার্কস কাটার কারণ:
*   ক্ষেত্রফল নির্ণয়ে ভুল করায়: ০২ নম্বর কাটা হয়েছে।
*   একক পরিবর্তন না করায় এবং x এর মান ভুল করায়: ০৩ নম্বর কাটা হয়েছে।
*   y এর মান ভুল করায়: ০৩ নম্বর কাটা হয়েছে।
*   d²A/dx² নির্ণয় না করায়: কোনো নম্বর দেওয়া হয়নি।

মন্তব্য:
অংকটি করার আগে একক পরিবর্তন করে নেয়া উচিত ছিল। ক্ষেত্রফল নির্ণয়ের ক্ষেত্রে আরও সতর্ক থাকতে হবে। দ্বিতীয় অন্তরকলজ করে সর্বনিম্ন কিনা, তা যাচাই করা উচিত ছিল।","মার্কস: ৫/১০

*   পাত্রের আয়তন সংক্রান্ত সমীকরণ প্রতিষ্ঠা ও y এর মান x এর মাধ্যমে প্রকাশ: ২/২
*   ক্ষেত্রফল নির্ণয়ের ফাংশন অন্তরীকরণ পদ্ধতি: ১/২
*   অন্তরীকরণ = ০ ধরে সমীকরণ সমাধান পদ্ধতি: ১.৫/১.৫
*   প্রাপ্ত x থেকে y এর মান নির্ণয়: ০.৫/০.৫

চিহ্নিত ভুল:

*   পাত্রের সমগ্র তলের ক্ষেত্রফলের সূত্র ভুল লেখা হয়েছে। খোলা মুখের পাত্রের জন্য ভূমির ক্ষেত্রফল + ৪টি দেয়ালের ক্ষেত্রফল ধরতে হবে।
*   ক্ষেত্রফলের ফাংশনটি ভুল হওয়ার কারণে তার অন্তরীকরণ এবং সেখান থেকে প্রাপ্ত x ও y এর মান ভুল হয়েছে।

ভুল গুলোর সঠিক:

*   খোলা মুখের পাত্রের ক্ষেত্রফল A = ভূমির ক্ষেত্রফল + ৪ * দেয়ালের ক্ষেত্রফল = x² + 4xy.
*   এখানে y = 1000/x² বসালে ক্ষেত্রফল A(x) = x² + 4x(1000/x²) = x² + 4000/x.
*   এই A(x) কে x এর সাপেক্ষে অন্তরীকরণ করতে হবে। dA/dx = 2x - 4000/x²।

অসম্পূর্ণ উত্তরের ক্ষেত্রে বাকি অংশের সমাধান:

*   সর্বনিম্ন ক্ষেত্রফলের জন্য dA/dx = 0 ধরতে হবে।
*   2x - 4000/x² = 0
*   2x = 4000/x²
*   2x³ = 4000
*   x³ = 2000
*   x = ³√2000 = 10³√2 cm (প্রায় ১২.৬ সেমি)।
*   উচ্চতা y = 1000/x² = 1000 / (³√2000)² = 1000 / (2000)^(2/3) = 1000 / (10³ * 2)^(2/3) = 1000 / (100 * 2^(2/3)) = 10 / ³√4 cm (প্রায় ৬.৩ সেমি)।
*   (উল্লেখ্য যে দ্বিতীয় অন্তরীকরণ পরীক্ষা করে এটি সর্বনিম্ন ক্ষেত্রফল নিশ্চিত করা যায়, তবে এই স্তরের উত্তরে সেটি অত্যাবশ্যক নাও হতে পারে।)
*   সুতরাং, সবচাইতে কম প্লাস্টিক ব্যবহার করতে হলে পাত্রের তলার বাহুর দৈর্ঘ্য হবে প্রায় ১২.৬ সেমি এবং উচ্চতা হবে প্রায় ৬.৩ সেমি।

মার্কস কাটার কারণ:

*   ক্ষেত্রফল নির্ণয়ের সূত্রে ভুলের জন্য ৩ মার্কস কাটা হয়েছে। (x² + 4xy এর বদলে x² + 2xy ধরে সমাধান শুরু করা হয়েছে)।
*   ক্ষেত্রফলের ফাংশন ভুল হওয়ার কারণে চূড়ান্ত মান (x ও y এর) ভুল হওয়ায় ১ মার্কস কাটা হয়েছে।
*   অন্তরীকরণ সঠিক ফাংশনের করা হয়নি, তাই অন্তরীকরণের জন্য বরাদ্দ ২ মার্কস থেকে ১ মার্কস কাটা হয়েছে।
*   সাবস্টিটিউশন (y এর মান বসানো) ভুল সূত্রে হওয়ার কারণে ১ মার্কস কাটা হয়েছে।

শিক্ষার্থীর জন্য মন্তব্য:
তুমি আয়তন থেকে উচ্চতাকে ভূমির বাহুর মাধ্যমে প্রকাশ করা, অন্তরীকরণ করে সর্বনিম্ন মান নির্ণয়ের জন্য ০ ধরা এবং সমীকরণ সমাধানের পদ্ধতিগুলো সঠিকভাবে প্রয়োগ করেছ। তবে পাত্রের দেয়ালের ক্ষেত্রফল গণনায় একটি বড় ভুল হয়েছে। খোলা মুখের পাত্রের চারটি দেয়ালের ক্ষেত্রফল 4xy হবে, 2xy নয়। অনুগ্রহ করে জ্যামিতিক সূত্রগুলো ভালোভাবে মনে রাখার চেষ্টা করবে। পদ্ধতির প্রয়োগ সঠিক হওয়ায় ভালো নম্বর পেয়েছে, কিন্তু ভুলের কারণে চূড়ান্ত উত্তরটি সঠিক হয়নি।","**মার্কস:** মোট ১০ এর মধ্যে ০।
*   d²A/da² নির্ণয়ের জন্য ০২ নম্বর - প্রাপ্ত ০
*   বর্গাকার তলার বাহুর দৈর্ঘ্য নির্ণয়ের জন্য ০৪ নম্বর - প্রাপ্ত ০
*   পাত্রটির উচ্চতা নির্ণয়ের জন্য ০৪ নম্বর - প্রাপ্ত ০

**চিহ্নিত ভুল:**

*   পাত্র তৈরির জন্য প্রয়োজনীয় প্লাস্টিকের ক্ষেত্রফল (A) নির্ণয়ের সূত্রটি ভুল ব্যবহার করা হয়েছে। এটি একটি খোলা মুখের পাত্র, তাই তলার ক্ষেত্রফল এবং চারপাশের চারটি দেয়ালের ক্ষেত্রফল যোগ করতে হবে, শুধুমাত্র দুটি দেয়ালের ক্ষেত্রফল যোগ করলে চলবে না।
*   সর্বনিম্ন ক্ষেত্রফল পাওয়ার জন্য ডিফারেন্সিয়েশন (dA/dx = 0) করার পর প্রাপ্ত মানটি সর্বনিম্ন ক্ষেত্রফল নির্দেশ করে কিনা, তা দ্বিতীয় ক্রমের অন্তরজ (d²A/dx²) নির্ণয় করে পরীক্ষা করা হয়নি।

**ভুল গুলোর সঠিক:**

*   পাত্র তৈরির জন্য প্রয়োজনীয় প্লাস্টিকের সঠিক ক্ষেত্রফল হবে: A = (তলার ক্ষেত্রফল) + (৪টি দেয়ালের ক্ষেত্রফল) = x² + 4xy। যেখানে x হলো তলার বাহুর দৈর্ঘ্য এবং y হলো উচ্চতা।
*   অবশ্যই d²A/dx² নির্ণয় করে দেখাতে হবে যে এই মানটি ধনাত্মক, যা নির্দেশ করে যে A সর্বনিম্ন হবে।

**অসম্পূর্ণ উত্তরের ক্ষেত্রে বাকি অংশের সমাধান:** (সঠিক সূত্র ব্যবহার করলে যা হতো)

*   পাত্রের আয়তন V = x²y = 1000 cm³
*   পাত্র তৈরির প্রয়োজনীয় প্লাস্টিকের ক্ষেত্রফল A = x² + 4xy = x² + 4x(1000/x²) = x² + 4000/x
*   ক্ষেত্রফল সর্বনিম্ন হওয়ার জন্য dA/dx = 0 করতে হবে।
    dA/dx = d/dx (x² + 4000x⁻¹) = 2x - 4000x⁻² = 2x - 4000/x²
*   2x - 4000/x² = 0
    2x = 4000/x²
    2x³ = 4000
    x³ = 2000
    x = ³√2000 cm ≈ 12.6 cm
*   দ্বিতীয় ক্রমের অন্তরজ: d²A/dx² = d/dx (2x - 4000x⁻²) = 2 - (-2 * 4000)x⁻³ = 2 + 8000/x³.
    x = ³√2000 ধনাত্মক হওয়ায়, d²A/dx² = 2 + 8000/(³√2000)³ = 2 + 8000/2000 = 2 + 4 = 6 > 0।
    যেহেতু দ্বিতীয় ক্রমের অন্তরজ ধনাত্মক, তাই x = ³√2000 cm এর জন্য ক্ষেত্রফল সর্বনিম্ন হবে।
*   বর্গাকার তলার বাহুর দৈর্ঘ্য = x = ³√2000 cm ≈ 12.6 cm (প্রদত্ত সমাধানে dm এ দেওয়া আছে, 1 dm³=1000 cm³ ধরে Student cm এ করেছে, তাই cm এ উত্তর বের করা সঠিক)।
*   পাত্রটির উচ্চতা = y = 1000/x² = 1000/(³√2000)² cm = 1000/³√2000² cm = 1000/³√4000000 cm = 1000/(100 * ³√4) cm = 10/³√4 cm ≈ 10/1.587 ≈ 6.3 cm।

**মার্কস কাটার কারণ:**

*   পাত্রের ক্ষেত্রফল নির্ণয়ের মৌলিক সূত্র ভুল হওয়ায় (-১০ নম্বর)। এর ফলে সম্পূর্ণ সমাধান পদ্ধতিটি ভুল পথে পরিচালিত হয়েছে এবং সঠিক উত্তর পাওয়া যায়নি।
*   ক্ষেত্রফল সর্বনিম্ন কিনা তা নিশ্চিত করার জন্য দ্বিতীয় ক্রমের অন্তরজ পরীক্ষা না করায় (-২ নম্বর)। এই ২ নম্বরটি ক্ষেত্রফল নির্ণয়ের ভুলের মধ্যে অন্তর্ভুক্ত হয়ে গেছে, কারণ পুরো পদ্ধতিই ভুল।
*   সঠিক ক্ষেত্রফল নির্ণয় না হওয়ায় এবং দ্বিতীয় ক্রমের অন্তরজ পরীক্ষা না করায় তলার বাহুর দৈর্ঘ্য (-৪ নম্বর) এবং উচ্চতা (-৪ নম্বর) সঠিকভাবে নির্ণয় করা যায়নি।","মার্কস: ৬.০/১০
১. চলরাশি (x, y) সঠিকভাবে ধরা, আয়তনের সমীকরণ (x²y=1000) লেখা এবং y-কে x-এর মাধ্যমে প্রকাশ করার জন্য (y=1000/x²): ১.৫ নম্বর।
২. পাত্রের পৃষ্ঠতলের ক্ষেত্রফলের রাশিকে x-এর মাধ্যমে প্রকাশ (A = x² + 2000/x, ছাত্রের ভুল সূত্র অনুযায়ী সঙ্গতিপূর্ণ হওয়ায়): ০.৫ নম্বর।
৩. ক্ষেত্রফলের সঠিক অন্তরকলন (dA/dx = 2x - 2000/x², ছাত্রের রাশি অনুযায়ী সঠিক): ১.৫ নম্বর।
৪. চরম মানের জন্য dA/dx = 0 শর্ত প্রয়োগ করার জন্য: ০.৫ নম্বর।
৫. x-এর মান (x=10 সেমি) নির্ণয় (ছাত্রের সমীকরণ অনুযায়ী সঠিক সমাধান): ১.০ নম্বর।
৬. y-এর মান (y=10 সেমি) নির্ণয় (ছাত্রের প্রাপ্ত x-এর মান অনুযায়ী সঠিক): ১.০ নম্বর।

চিহ্নিত ভুল:
*   খোলা পাত্রের পৃষ্ঠতলের ক্ষেত্রফল নির্ণয়ে ভুল হয়েছে। পাত্রের চারটি পার্শ্বতল থাকার কথা, কিন্তু গণনায় দুটি পার্শ্বতলের ক্ষেত্রফল (2xy) ধরা হয়েছে বলে মনে হচ্ছে অথবা পার্শ্বতলের ক্ষেত্রফল ভুলভাবে 4xy এর বদলে 2xy লেখা হয়েছে।
*   ক্ষেত্রফল সর্বনিম্ন কিনা, তা যাচাই করার জন্য দ্বিতীয় অন্তরকলন (second derivative test) করা হয়নি।
*   প্রশ্নে পাত্রের তলার বাইরের দৈর্ঘ্য চাওয়া হয়েছে, তবে উত্তরে ""উচ্চতা ও তলার বর্গের বাহুর দৈর্ঘ্য"" একসাথে ১০ সেমি লেখা হয়েছে, যা স্পষ্ট করে যে উচ্চতা (y) এবং ভূমির বাহু (x) দুটোই ১০ সেমি।

ভুল গুলোর সঠিক:
*   খোলা বর্গাকার ভূমির পাত্রের পৃষ্ঠতলের ক্ষেত্রফল (A) হবে ভূমির ক্ষেত্রফল (x²) এবং চারটি খাড়া দেওয়ালের ক্ষেত্রফল (4xy)। সুতরাং, A = x² + 4xy।
    অতএব, A(x) = x² + 4x(1000/x²) = x² + 4000/x।
*   এই A(x) ব্যবহার করে x ও y এর মান নির্ণয় করতে হবে।
    dA/dx = 2x - 4000/x²।
    dA/dx = 0 হলে, 2x³ = 4000 বা x³ = 2000, সুতরাং x = (2000)^(1/3) = 10 * (2)^(1/3) সেমি।
    তাহলে y = 1000 / (10 * (2)^(1/3))² = 1000 / (100 * 2^(2/3)) = 10 / 2^(2/3) = 5 * (2)^(1/3) সেমি।

অসম্পূর্ণ উত্তরের ক্ষেত্রে বাকি অংশের সমাধান:
ক্ষেত্রফল সর্বনিম্ন হওয়ার শর্ত: d²A/dx² > 0 ।
সঠিক ক্ষেত্রফলের জন্য (A = x² + 4000/x):
d²A/dx² = d/dx (2x - 4000x⁻²) = 2 + 8000x⁻³ = 2 + 8000/x³।
যেহেতু x = 10 * (2)^(1/3) > 0, তাই x³ = 2000 > 0।
সুতরাং, d²A/dx² = 2 + 8000/2000 = 2 + 4 = 6, যা ০ থেকে বড়। কাজেই এই x মানের জন্য ক্ষেত্রফল সর্বনিম্ন হবে।
(ছাত্রের প্রাপ্ত A = x² + 2000/x এর জন্য, d²A/dx² = 2 + 4000/x³। x=10 হলে, d²A/dx² = 2 + 4000/1000 = 2+4 = 6 > 0, যা সর্বনিম্ন মান নির্দেশ করে।)

মার্কস কাটার কারণ:
*   পাত্রের পৃষ্ঠতলের ক্ষেত্রফলের সূত্র ভুল লেখার জন্য ২.৫ নম্বর কাটা হয়েছে (সঠিক সূত্রের জন্য ২.৫ নম্বর বরাদ্দ ছিল, ভুল হওয়ায় ০ দেওয়া হয়েছে)।
*   ক্ষেত্রফল সর্বনিম্ন কিনা তা দ্বিতীয় অন্তরকলন পরীক্ষার মাধ্যমে যাচাই না করার জন্য ১.০ নম্বর কাটা হয়েছে।

মন্তব্য:
তোমার প্রাথমিক ধারণা এবং অন্তরকলনের পদ্ধতি সঠিক। তবে, জ্যামিতিক বস্তুর পৃষ্ঠতলের ক্ষেত্রফল নির্ণয়ের সূত্রে মনোযোগ দিতে হবে। এই ধরনের অঙ্ক সমাধানের পর দ্বিতীয় অন্তরকলন পরীক্ষা করে উত্তরের যথার্থতা যাচাই করা আবশ্যক। ভবিষ্যতে এই বিষয়গুলো খেয়াল রাখবে।","মার্কস: ০/১০
*   d²A/da² নির্ণয়ের জন্য কোনো নম্বর দেওয়া হয়নি। (০/২)
*   বর্গাকার তলার বাহুর দৈর্ঘ্যের সঠিক মান নির্ণয়ের জন্য কোনো নম্বর দেওয়া হয়নি। (০/৪)
*   পাত্রটির উচ্চতার সঠিক মান নির্ণয়ের জন্য কোনো নম্বর দেওয়া হয়নি। (০/৪)

চিহ্নিত ভুল:
*   পাত্রটির পৃষ্ঠতলের ক্ষেত্রফল নির্ণয়ের সূত্র ভুল লেখা হয়েছে। খোলা পাত্রটির একটি বর্গাকার তলা এবং চারটি দেওয়াল থাকবে। সুতরাং ক্ষেত্রফল হওয়ার কথা A = x² + 4xy (যেখানে x তলার বাহুর দৈর্ঘ্য এবং y উচ্চতা)। ছাত্র লিখেছে A = x² + 2xy, যার ফলে পরবর্তী গণনা ভুল হয়েছে।
*   প্রাপ্ত x-এর মানের জন্য ক্ষেত্রফল সর্বনিম্ন হবে কিনা, তা যাচাই করার জন্য দ্বিতীয় অন্তরক (second derivative) পরীক্ষা করা হয়নি।
*   চূড়ান্ত উত্তরে পাত্রের উচ্চতা এবং তলার বাহুর দৈর্ঘ্য আলাদাভাবে উল্লেখ করা হয়নি, শুধু ""উচ্চতা ও তলার বর্গের বাহুর দৈর্ঘ্য 10cm"" লেখা হয়েছে। যদিও এই মানটিও ভুল।

ভুল গুলোর সঠিক:
*   সঠিক ক্ষেত্রফলের সূত্র: A = x² + 4xy। যেহেতু y = 1000/x² (সেমি এককে), তাই A(x) = x² + 4x(1000/x²) = x² + 4000/x।
*   ক্ষেত্রফল সর্বনিম্ন হওয়ার শর্ত: dA/dx = 0 সমাধান করে x এর মান বের করতে হবে এবং d²A/dx² > 0 প্রমাণ করতে হবে।

অসম্পূর্ণ উত্তরের ক্ষেত্রে বাকি অংশের সমাধান:
*   সঠিক ক্ষেত্রফলের ফাংশন A(x) = x² + 4000/x (সেমি এককে) ধরে এগোলে, dA/dx = 2x - 4000/x²।
    dA/dx = 0 হলে, 2x³ = 4000 ⇒ x³ = 2000 ⇒ x = ³√2000 ≈ 12.599 সেমি।
*   এরপর d²A/dx² = 2 + 8000/x³ নির্ণয় করতে হতো। x = ³√2000 হলে, d²A/dx² = 2 + 8000/2000 = 2 + 4 = 6, যা ধনাত্মক। সুতরাং এই x মানের জন্য ক্ষেত্রফল সর্বনিম্ন হবে।
*   উচ্চতা y = 1000/x² = 1000/(³√2000)² = 1000/(2000)^(2/3) ≈ 6.299 সেমি।

মার্কস কাটার কারণ:
*   d²A/da² নির্ণয় না করার জন্য ২ নম্বর কাটা হয়েছে। (ছাত্র d²A/dx² নির্ণয় করেনি)।
*   বর্গাকার তলার বাহুর দৈর্ঘ্য ভুল নির্ণয় করার জন্য ৪ নম্বর কাটা হয়েছে (সঠিক উত্তর: ³√2 ডেসিমি বা প্রায় ১২.৫৯৯ সেমি, ছাত্রের উত্তর: ১০ সেমি)।
*   পাত্রটির উচ্চতা ভুল নির্ণয় করার জন্য ৪ নম্বর কাটা হয়েছে (সঠিক উত্তর: ১/(³√2)² ডেসিমি বা প্রায় ৬.২৯৯ সেমি, ছাত্রের উত্তর: ১০ সেমি)। প্রধানত, ক্ষেত্রফলের প্রাথমিক সূত্র ভুল হওয়ার কারণে এই মানগুলো ভুল হয়েছে।",770,633,797,948,1040,754
685,1950.jpg,10.0,1949.0,"[0, π] ব্যবধিতে sin x ও sin(-x) দ্বারা আবদ্ধ ক্ষেত্রফল,
A<sub>1</sub> = ∫<sub>0</sub><sup>π</sup> {sin x - sin (-x)}dx = [- cos x − cos (-x)]<sub>0</sub><sup>π</sup>
= {− cos π − cos (-π)} - {cos 0 − cos (-0)}
= {- (-1) - (-1)} - {-1 - 1} = 2 - (-2) = 4 বর্গ একক
:: [0, 2π] ব্যবধিতে আবদ্ধ ক্ষেত্রফল = (2 × 4) বর্গ একক = 8 বর্গ একক
নম্বর বণ্টনঃ
A<sub>1</sub> = {− cos π − cos (-π)} - {cos 0 − cos (-0)}; নির্ণয় করার জন্য 04 নম্বর।
A<sub>1</sub> = 4 বর্গ একক; নির্ণয় করার জন্য 02 নম্বর।
[0, 2π] ব্যবধিতে আবদ্ধ ক্ষেত্রফল = 8 বর্গ একক; নির্ণয় করার জন্য 04 নম্বর।
[বিদ্র: বর্গ একক না লিখলে বা ভুল একক লিখলে 01 নম্বর কর্তন করা হবে।]",Math,"ঠিক আছে, আমি উত্তরপত্রটি মূল্যায়ন করছি।

**মার্কস:** 5/10 (y = -sinx লেখার জন্য ১, ক্ষেত্রফল বের করার জন্য 1, ইন্টিগ্রেশন করার জন্য ১, লিমিট বসানোর জন্য ১ এবং ফাইনাল উত্তর লেখার জন্য ১)

**চিহ্নিত ভুল:**
*   ক্ষেত্রফল বের করার সময় `Area = 2∫sin x + 2∫sin x`  - এই লাইনটি ভুল। এখানে `∫sin x` এর লিমিট বসানো হয়নি।
*   `∫sin x` এর ইন্টিগ্রেশন `-cosx` হবে, কিন্তু লিমিট বসানোর সময় চিহ্নের ভুল হয়েছে।
*   পুরো প্রক্রিয়াটিতে চূড়ান্ত উত্তরে একক (unit) লেখা হয়নি।

**ভুল গুলোর সঠিক:**

*   ক্ষেত্রফল হবে `Area = ∫[0,π] sin x dx - ∫[π,2π] sin x dx` অথবা `Area = 2∫[0,π] sin x dx `
*   `[-cos x]` এর লিমিট বসানোর সময় চিহ্নের পরিবর্তন সঠিকভাবে করতে হবে।
*   ক্ষেত্রফলের একক (square unit) লিখতে হবে।

**অসম্পূর্ণ উত্তরের ক্ষেত্রে বাকি অংশের সমাধান:**
`Area = 2∫[0,π] sin x dx = 2[-cos x][0,π] = 2[-cosπ - (-cos0)] = 2[-(-1) + 1] = 4` বর্গ একক।

**মার্কস কাটার কারণ:**
*   ক্ষেত্রফল নির্ণয়ের প্রাথমিক সূত্র ভুল: -2
*   ইন্টিগ্রেশনের লিমিট বসানোর সময় চিহ্নের ভুল: -2
*   চূড়ান্ত উত্তরে একক না লেখার জন্য: -1

**মন্তব্য:**
তোমার ইন্টিগ্রেশনের ধারণা ভালো, তবে লিমিট বসানোর সময় এবং ক্ষেত্রফল বের করার সময় চিহ্নের দিকে মনোযোগ দিতে হবে। একক ব্যবহার করতে ভুলো না।","মার্কস: 8/10
A<sub>1</sub> = {− cos π − cos (-π)} - {cos 0 − cos (-0)}; নির্ণয় করার জন্য 04 নম্বর।
A<sub>1</sub> = 4 বর্গ একক; নির্ণয় করার জন্য 02 নম্বর।
[0, 2π] ব্যবধিতে আবদ্ধ ক্ষেত্রফল = 8 বর্গ একক; নির্ণয় করার জন্য 02 নম্বর।

চিহ্নিত ভুল:
*   ক্ষেত্রফল বের করার জন্য ইন্টিগ্রেশন করার সময় sin(-x) এর পরিবর্তে শুধু sinx ব্যবহার করা হয়েছে।
*   ক্ষেত্রফলের একক লেখা হয়নি।

ভুল গুলোর সঠিক:
*   ক্ষেত্রফল হবে 2∫<sub>0</sub><sup>π</sup> {sin x - sin (-x)}dx
*   ক্ষেত্রফলের একক ""বর্গ একক"" লিখতে হবে।

অসম্পূর্ণ উত্তরের ক্ষেত্রে বাকি অংশের সমাধান:
A<sub>1</sub> = ∫<sub>0</sub><sup>π</sup> {sin x - sin (-x)}dx = [- cos x − cos (-x)]<sub>0</sub><sup>π</sup>
= {− cos π − cos (-π)} - {cos 0 − cos (-0)}
= {- (-1) - (-1)} - {-1 - 1} = 2 - (-2) = 4 বর্গ একক
:: [0, 2π] ব্যবধিতে আবদ্ধ ক্ষেত্রফল = (2 × 4) বর্গ একক = 8 বর্গ একক

মার্কস কাটার কারণ:
*   sin(-x) এর পরিবর্তে শুধু sinx ব্যবহার করার জন্য ২ নম্বর কাটা হয়েছে।
*   ক্ষেত্রফলের একক না লেখার জন্য ১ নম্বর কাটা হয়েছে।

মন্তব্য:
তোমার ইন্টিগ্রেশনের ধারণা ভালো। তবে, sin(-x) এর বিষয়টি আরেকটু ভালোভাবে বোঝা দরকার। এছাড়াও, উত্তরের শেষে একক লেখার ব্যাপারে আরও সতর্ক থাকতে হবে।","মার্কস: ১০/১০ (y = -sin(x) লেখা: ১, সঠিক ইন্টিগ্রাল সেটআপ: ৪, ইন্টিগ্রেশন: ২, লিমিট বসিয়ে মান বের করা: ২, ফাইনাল উত্তর: ১)

মূল্যায়ন: ছাত্রটি সঠিক উত্তর বের করতে পেরেছে। যদিও শুরুতে ইন্টিগ্রাল সেটআপে কিছু ভুল করেছিল, সে শেষ পর্যন্ত সঠিক পদ্ধতিতে পৌঁছেছে।

চিহ্নিত ভুল: সমাধানের শুরুতে ইন্টিগ্রালের সীমা এবং অপেক্ষকের (integrand) সেটআপ ভুল ছিল।

সঠিক পদ্ধতি: ছাত্রটি ক্ষেত্রফল নির্ণয়ের জন্য 4∫[0, π] sin(x) dx সেটআপটি ব্যবহার করেছে, যা প্রতিসাম্য ব্যবহার করে সঠিক ক্ষেত্রফল দেয়। ইন্টিগ্রেশন এবং মান নির্ণয় সঠিকভাবে করা হয়েছে।

অসম্পূর্ণ উত্তরের ক্ষেত্রে বাকি অংশের সমাধান: প্রযোজ্য নয়।

মন্তব্য: তোমার সমাধানের শুরুতে কিছু বিভ্রান্তি দেখা গেছে, কিন্তু শেষ পর্যন্ত তুমি সঠিক পদ্ধতিতে ক্ষেত্রফল নির্ণয় করতে পেরেছ। এই ধরনের সমস্যা সমাধানের সময় মডিউলাস ফাংশনের সংজ্ঞা এবং প্রতিসাম্য ভালোভাবে মনে রাখবে।","পরীক্ষকের মূল্যায়ন:

মার্কস: ৮/১০
মার্কস বিভাজন: প্রথম অংশের ক্ষেত্রফল নির্ণয় ও তার মান (৪) বের করার জন্য ৬ নম্বর প্রাপ্তি। মোট ক্ষেত্রফল (৮) নির্ণয়ের জন্য ৪ নম্বর প্রাপ্তি। পদ্ধতিগত ত্রুটির জন্য ২ নম্বর কর্তন। (৬+৪-২=৮)

চিহ্নিত ভুল:
*   ক্ষেত্রফল নির্ণয়ের জন্য ইন্টিগ্রাল সেটআপের শুরুতেই ভুল করা হয়েছে (`Area = 2∫₀<pi> sin x dx + 2∫<pi><2π> sin x dx`)। sin x এবং sin(-x) দ্বারা আবদ্ধ ক্ষেত্রফল নির্ণয়ের জন্য integrand হওয়া উচিত |sin x - sin(-x)| = |2sin x|।
*   এই ভুল সেটআপ অনুযায়ী গণনা করলে প্রথম অংশ থেকে ৪ এবং দ্বিতীয় অংশ থেকে ০ আসে, যার যোগফল ৪ হয়। এটি মোট ক্ষেত্রফলের সঠিক মান নয়।
*   শেষ ধাপের গণনা (`4 * ∫₀<pi> sin x`) পদ্ধতিগতভাবে সঠিক নয়। যদিও এটি কাকতালীয়ভাবে সঠিক উত্তর দিয়েছে।

ভুলগুলোর সঠিক:
*   ক্ষেত্রফল নির্ণয়ের জন্য সঠিক ইন্টিগ্রাল সেটআপ হবে Area = ∫₀<pi> |2sin x| dx + ∫<pi><2π> |2sin x| dx।
*   [0, π] ব্যবধিতে sin x > 0, তাই |2sin x| = 2sin x। ∫₀<pi> 2sin x dx = [-2cos x]₀<pi> = (-2cos π) - (-2cos 0) = (-2 * -1) - (-2 * 1) = 2 + 2 = 4। এটি প্রথম লুপের ক্ষেত্রফল।
*   [π, 2π] ব্যবধিতে sin x < 0, তাই |2sin x| = -2sin x। ∫<pi><2π> -2sin x dx = [2cos x]<pi><2π> = (2cos 2π) - (2cos π) = (2 * 1) - (2 * -1) = 2 + 2 = 4। এটি দ্বিতীয় লুপের ক্ষেত্রফল।
*   মোট ক্ষেত্রফল = প্রথম লুপের ক্ষেত্রফল + দ্বিতীয় লুপের ক্ষেত্রফল = ৪ + ৪ = ৮ বর্গ একক।
*   বিকল্পভাবে, যেহেতু চিত্রটি y-অক্ষের সাপেক্ষে প্রতিসম এবং [0, π] ও [π, 2π] ব্যবধিতে ক্ষেত্রফল সমান, তাই মোট ক্ষেত্রফল = ২ × প্রথম লুপের ক্ষেত্রফল = ২ × ৪ = ৮ বর্গ একক।

অসম্পূর্ণ উত্তরের ক্ষেত্রে বাকি অংশের সমাধান:
প্রযোজ্য নয়। শিক্ষার্থী মোট ক্ষেত্রফল নির্ণয় করেছে।

মার্কস কাটার কারণ:
*   ক্ষেত্রফল নির্ণয়ের জন্য ইন্টিগ্রালের ভুল সেটআপ এবং সেই অনুযায়ী গণনা করে ভুল মোট ক্ষেত্রফল (৪) পাওয়ার জন্য ২ নম্বর কর্তন করা হয়েছে। শিক্ষার্থী প্রথম অংশের ক্ষেত্রফল সঠিক (৪) বের করতে পারলেও এবং শেষ পর্যন্ত মোট সঠিক উত্তর (৮) বের করলেও, সমাধানের পদ্ধতিগত ত্রুটির জন্য এই কর্তন করা হয়েছে।","মার্কস: ৯.৫/১০
*   সঠিক চিত্রাঙ্কন এবং y = sin(-x) = -sin(x) সঠিকভাবে চিহ্নিত করার জন্য: ২ মার্কস
*   ক্ষেত্রফলের জন্য সঠিক সমাকলন সূত্র `Area = 4 ∫[0,π] sin(x) dx` স্থাপনের জন্য: ২.৫ মার্কস (০.৫ মার্ক কাটা হয়েছে কারণ |f(x)-g(x)| থেকে এই সূত্রে আসার ধাপ স্পষ্টভাবে দেখানো হয়নি)
*   sin(x) এর সঠিক সমাকলন `-cos(x)` নির্ণয়ের জন্য: ২ মার্কস
*   সমাকলনের সীমানা সঠিকভাবে প্রয়োগ করার জন্য (মান নির্ণয় `-cos(π) - (-cos(0)) = 2`): ২ মার্কস
*   সঠিক উত্তর (৮ বর্গ একক) নির্ণয়ের জন্য: ১ মার্কস

চিহ্নিত ভুল:
*   প্রাথমিকভাবে ক্ষেত্রফল গণনার একটি প্রচেষ্টা (`Area = 2 ∫[0 to π] sinx dx + 2 ∫[π to 2π] sinx dx`) করা হয়েছিল, যা ভুল ছিল এবং এর ফলে উত্তর ০ আসছিল। এই অংশটি পরে কেটে দেওয়া হয়েছে, যা সঠিক সিদ্ধান্ত ছিল।
*   চূড়ান্ত পর্যায়ে `Area = 4 ∫[0,π] sin(x) dx` সূত্রটি ব্যবহার করা হয়েছে। এটি সঠিক হলেও, এই সূত্রটি কীভাবে আবদ্ধ ক্ষেত্রের ক্ষেত্রফলের মূল সংজ্ঞা `∫ |f(x) - g(x)| dx` থেকে প্রতিসাম্যের (symmetry) সাহায্যে এলো, সেই ধাপটি স্পষ্টভাবে দেখানো হয়নি।

ভুল গুলোর সঠিক (এই অংশে ছাত্রের ভুলের পরিবর্তে সঠিক পদ্ধতির ধাপ উল্লেখ করা হলো):
*   আবদ্ধ ক্ষেত্রের ক্ষেত্রফল নির্ণয়ের সঠিক সূত্রটি হলো:
    Area = ∫[0, 2π] |sin(x) - sin(-x)| dx
    যেহেতু sin(-x) = -sin(x), সুতরাং,
    Area = ∫[0, 2π] |sin(x) - (-sin(x))| dx = ∫[0, 2π] |2sin(x)| dx
*   এই সমাকলনটিকে দুটি অংশে ভাগ করা যায়:
    Area = ∫[0, π] |2sin(x)| dx + ∫[π, 2π] |2sin(x)| dx
    যেহেতু [0, π] অন্তরালে sin(x) ≥ 0, তাই |2sin(x)| = 2sin(x)।
    এবং [π, 2π] অন্তরালে sin(x) ≤ 0, তাই |2sin(x)| = -2sin(x)।
    সুতরাং, Area = ∫[0, π] 2sin(x) dx + ∫[π, 2π] -2sin(x) dx
    Area = 2 [-cos(x)]_0^π - 2 [-cos(x)]_π^(2π)
    Area = 2 [(-cos(π)) - (-cos(0))] - 2 [(-cos(2π)) - (-cos(π))]
    Area = 2 [-(-1) - (-1)] - 2 [-(1) - (-(-1))]
    Area = 2 [1 + 1] - 2 [-1 - 1] = 2(2) - 2(-2) = 4 + 4 = 8 বর্গ একক।
*   বিকল্পভাবে, প্রতিসাম্য ব্যবহার করে:
    Area = ∫[0, 2π] |2sin(x)| dx = 2 × ∫[0, π] 2sin(x) dx (যেহেতু |2sin(x)| ফাংশনটি x=π তে প্রতিসম)
    Area = 4 ∫[0, π] sin(x) dx
    এই রূপান্তরটি স্পষ্টভাবে উল্লেখ করলে ভালো হতো।

অসম্পূর্ণ উত্তরের ক্ষেত্রে বাকি অংশের সমাধান:
প্রযোজ্য নয়, কারণ উত্তর সম্পূর্ণ ও সঠিক।

মার্কস কাটার কারণ:
*   ক্ষেত্রফলের সমাকলন সূত্র `Area = 4 ∫[0,π] sin(x) dx` টি কীভাবে এলো, তার বিস্তারিত ব্যাখ্যা না থাকায় ০.৫ মার্ক কাটা হয়েছে। যদিও সূত্রটি এবং এর পরবর্তী গণনা সঠিক।

মন্তব্য:
তোমার প্রচেষ্টা খুবই ভালো এবং তুমি সঠিক উত্তর বের করতে পেরেছ। চিত্রটি সঠিকভাবে অঙ্কন করেছ, যা সমস্যাটি বুঝতে সাহায্য করে। সমাকলনের গণনাও নির্ভুল। তবে, ক্ষেত্রফল নির্ণয়ের জন্য যে সূত্রটি (`4 ∫[0,π] sin(x) dx`) ব্যবহার করেছ, সেটি কীভাবে মূল সংজ্ঞা থেকে প্রতিসাম্যের সাহায্যে এলো, তা স্পষ্টভাবে দেখালে তোমার উত্তর আরও নিখুঁত হতো। ভবিষ্যতে এই ধরনের সমস্যা সমাধানের সময় প্রতিটি ধাপ পরিষ্কারভাবে উল্লেখ করার চেষ্টা করবে। তোমার হাতের লেখাও বেশ পরিষ্কার। চালিয়ে যাও!","মার্কস: ৯/১০
(ছাত্রের পদ্ধতি অনুসারে, মোট ক্ষেত্রফল = 4 ∫<sub>0</sub><sup>π</sup> sin x dx। এই সমাকলনটির মান নির্ণয়ের জন্য সীমা বসানোর পর 4[(-cos π) - (-cos 0)] রাশিটি সঠিকভাবে লেখার জন্য ০৪ নম্বর।
∫<sub>0</sub><sup>π</sup> sin x dx = 2 নির্ণয় করা হয়েছে (যা ছাত্রের লেখা 4[2] থেকে স্পষ্ট), এর থেকে [0, π] ব্যবধিতে আবদ্ধ ক্ষেত্রফল A<sub>1</sub> = 2 * ∫<sub>0</sub><sup>π</sup> sin x dx = 2 * 2 = 4 বর্গ একক পাওয়া যায়। এই অন্তর্বর্তী গণনা সঠিকভাবে নিহিত থাকার জন্য ০২ নম্বর।
[0, 2π] ব্যবধিতে আবদ্ধ ক্ষেত্রফল = 8 নির্ণয় করার জন্য ০৪ নম্বর।
একক ‘বর্গ একক’ এর পরিবর্তে ‘su’ লেখার জন্য ০১ নম্বর কর্তন করা হয়েছে।)

চিহ্নিত ভুল:
* উত্তরের প্রথম দিকের কিছু অংশ কাটাকাটি করা হয়েছে।
* ক্ষেত্রফলের একক ‘বর্গ একক’ এর পরিবর্তে ‘su’ লেখা হয়েছে।

ভুল গুলোর সঠিক:
* কাটাকাটি এড়িয়ে পরিষ্কারভাবে উত্তর লেখা উচিত।
* ক্ষেত্রফলের সঠিক একক ‘বর্গ একক’ লিখতে হবে।

অসম্পূর্ণ উত্তরের ক্ষেত্রে বাকি অংশের সমাধান:
প্রযোজ্য নয়, উত্তর সম্পূর্ণ করা হয়েছে।

মার্কস কাটার কারণ:
* একক ‘বর্গ একক’-এর পরিবর্তে ‘su’ লেখার জন্য ০১ নম্বর কর্তন করা হয়েছে।

মন্তব্য:
তোমার সমাধান পদ্ধতি সঠিক, যদিও এটি প্রদত্ত সমাধান পদ্ধতির চেয়ে ভিন্ন। তুমি sin x ও sin(-x) অর্থাৎ sin x ও -sin x দ্বারা আবদ্ধ অঞ্চলের প্রতিসাম্য ধর্ম ব্যবহার করে সঠিকভাবেই মোট ক্ষেত্রফলকে [0, π] ব্যবধির ক্ষেত্রফলের দ্বিগুণ ধরে গণনা করেছ (যেখানে [0, π] অঞ্চলের ক্ষেত্রফল হলো ∫<sub>0</sub><sup>π</sup> (sin x - (-sin x)) dx = 2 ∫<sub>0</sub><sup>π</sup> sin x dx)। তোমার আঁকা চিত্রটিও সঠিক। চূড়ান্ত উত্তর সঠিক হয়েছে। তবে, উত্তরপত্রে কাটাকাটি না করে পরিষ্কারভাবে উপস্থাপন করলে ভালো হয়। এছাড়া, গণিতের উত্তরে সর্বদা সঠিক একক ( данном ক্ষেত্রে ‘বর্গ একক’) ব্যবহার করার দিকে মনোযোগ দেবে।",642,597,228,670,1031,484
