ques_id,image_filename,Marks,solution_image_id,solve_text,input_token_count,Gemini2.0 response,Gemini 2.0 output token count,Gemini2.5Flash response,Gemini 2.5 Flash output token count,Gemini2.5Pro response,Gemini 2.5 Pro output token count
1,images/1021.jpg,0.0,images/1020.0.png,"P1 = Patm; P2 = Patm + hpwg
P2 × 10 = P1 × 15
⇒ (Patm + hpwg) × 2 = Patm × 3 :: h = 5.1m
নির্ণেয় গভীরতা = (5.1 + 0.05)m = 5.15 m
[Ans.]
নম্বর বণ্টনঃ
P1 = Patm; P2 = Patm + hpwg; লেখার জন্য ০২ নম্বর।
P2 × 10 = P1 × 15; নির্ণয় করার জন্য ০৩ নম্বর।
h = 5.17m; নির্ণয় করার জন্য ০৫ নম্বর।
বিদ্র: একক না লিখলে বা ভুল একক লিখলে ০১ নম্বর কর্তন করা হবে।",179,"এই প্রশ্নটি সম্ভবত পদার্থবিদ্যা অথবা ইঞ্জিনিয়ারিংয়ের কোনো সমস্যা, যেখানে চাপ এবং গভীরতার মধ্যে সম্পর্ক নির্ণয় করতে বলা হয়েছে। এখানে সমাধান এবং নম্বর বিভাজন দেওয়া আছে। নিচে এর বিস্তারিত ব্যাখ্যা দেওয়া হলো:

সমস্যার বিবৃতি:

সমস্যাটিতে দুটি চাপ (Pressure) দেওয়া আছে:
*   P1 = Patm (বায়ুমণ্ডলীয় চাপ)
*   P2 = Patm + hpwg (বায়ুমণ্ডলীয় চাপ + তরলের গভীরতার কারণে চাপ)

এখানে,
*   h = গভীরতা (height)
*   pw = তরলের ঘনত্ব (density of water)
*   g = অভিকর্ষজ ত্বরণ (acceleration due to gravity)

দেওয়া আছে:
P2 × 10 = P1 × 15

সমাধান:

1.  P2 × 10 = P1 × 15 সমীকরণটিকে সরল করা:
    (Patm + hpwg) × 10 = Patm × 15
    Patm × 10 + hpwg × 10 = Patm × 15
    hpwg × 10 = Patm × 15 - Patm × 10
    hpwg × 10 = Patm × 5
    hpwg = Patm × 5 / 10
    hpwg = Patm / 2

2.  এখন, Patm + hpwg = Patm + Patm/2
    P2 = 3Patm/2

3.  দেওয়া আছে, (Patm + hpwg) × 2 = Patm × 3
    2Patm + 2hpwg = 3Patm
    2hpwg = Patm
    hpwg = Patm / 2

4.  h এর মান নির্ণয়:
    h = Patm / (2 × pwg)

    এখানে Patm = 101325 Pa (প্যাসকেল), pw = 1000 kg/m³ (পানির ঘনত্ব), g = 9.8 m/s² (অভিকর্ষজ ত্বরণ) ধরে হিসাব করা হয়েছে।

    h = 101325 / (2 × 1000 × 9.8) ≈ 5.17 মিটার

5.  নির্ণেয় গভীরতা:
    মোট গভীরতা = (5.17 + 0.05) m = 5.22 m

নম্বর বিভাজন:

1.  P1 = Patm; P2 = Patm + hpwg লেখার জন্য: ২ নম্বর
2.  P2 × 10 = P1 × 15 নির্ণয় করার জন্য: ৩ নম্বর
3.  h = 5.17m নির্ণয় করার জন্য: ৫ নম্বর
4.  একক ভুল লিখলে বা না লিখলে: ১ নম্বর কাটা যাবে

বিঃদ্রঃ এখানে দেওয়া h = 5.1m এবং নির্ণেয় গভীরতা = 5.15m -এর মধ্যে সামান্য ভুল আছে। সঠিক উত্তর হবে h = 5.17m এবং নির্ণেয় গভীরতা = 5.22m।",910,"প্রদত্ত লেখাটি একটি পদার্থবিদ্যার সমস্যার সমাধান এবং তার নম্বর বণ্টনের নির্দেশিকা। দেখে মনে হচ্ছে এটি গ্যাস চাপ এবং তরলের চাপ সম্পর্কিত কোনো সমস্যা।

সমস্যাটির সমাধান ধাপগুলো নিচে ব্যাখ্যা করা হলো:

1.  **চাপ নির্ণয়:**
    *   `P1 = Patm`: প্রথম অবস্থায় চাপ `P1` কে বায়ুমণ্ডলীয় চাপ (`Patm`) ধরা হয়েছে। এটি সম্ভবত গ্যাসটির প্রাথমিক চাপ যখন এটি বায়ুমণ্ডলের সংস্পর্শে ছিল বা বায়ুমণ্ডলীয় চাপের সমান ছিল।
    *   `P2 = Patm + hpwg`: দ্বিতীয় অবস্থায় চাপ `P2` কে বায়ুমণ্ডলীয় চাপ (`Patm`) এবং একটি তরল স্তম্ভের চাপ (`hpwg`) এর যোগফল ধরা হয়েছে। এখানে `h` হলো গভীরতা বা তরল স্তম্ভের উচ্চতা, `ρw` হলো তরলের ঘনত্ব (সম্ভবত জল, `w` দ্বারা বোঝানো হয়েছে) এবং `g` হলো অভিকর্ষজ ত্বরণ। এটি বোঝায় যে দ্বিতীয় অবস্থাটি `h` গভীরতায় ঘটেছে।

2.  **চাপের সম্পর্ক:**
    *   `P2 × 10 = P1 × 15`: এই সমীকরণটি দেখে মনে হচ্ছে গ্যাসের আয়তন এবং চাপের মধ্যে সম্পর্ক ব্যবহার করা হয়েছে (সম্ভবত বয়েলের সূত্র: PV = ধ্রুবক), যেখানে চাপ P2 এর সময় আয়তন 10 (বা আয়তন নির্দেশক কোনো রাশি যেমন দৈর্ঘ্য) এবং চাপ P1 এর সময় আয়তন 15 (একই রাশি)। অর্থাৎ, `P1 / P2 = 10 / 15 = 2 / 3` বা `P2 / P1 = 15 / 10 = 3 / 2`, যা `2 * P2 = 3 * P1` সমীকরণের সমতুল্য।

3.  **উচ্চতা (h) নির্ণয়:**
    *   `(Patm + hpwg) × 2 = Patm × 3`: পূর্ববর্তী ধাপের সম্পর্ক `2 * P2 = 3 * P1` এ `P1` এবং `P2` এর মান বসিয়ে এই সমীকরণটি পাওয়া গেছে।
    *   এই সমীকরণটি সমাধান করে `h` এর মান বের করা হয়েছে। গণনাটি নিম্নরূপ:
        `2 * Patm + 2 * h * ρw * g = 3 * Patm`
        `2 * h * ρw * g = 3 * Patm - 2 * Patm`
        `2 * h * ρw * g = Patm`
        `h = Patm / (2 * ρw * g)`
    *   স্ট্যান্ডার্ড মান (`Patm ≈ 101325 Pa`, `ρw ≈ 1000 kg/m³`, `g ≈ 9.8 m/s²`) ব্যবহার করলে `h` এর মান প্রায় `101325 / (2 * 1000 * 9.8)` = `101325 / 19600` ≈ `5.1696` মিটার হয়।

4.  **ফলাফল:**
    *   সমাধান অংশে `h = 5.1m` লেখা হয়েছে, কিন্তু নম্বর বণ্টন অংশে `h = 5.17m` নির্ণয় করার জন্য নম্বর দেওয়া হয়েছে। এটি একটি অসঙ্গতি। গাণিতিকভাবে `h` এর মান 5.17m এর কাছাকাছি হয়।
    *   `নির্ণেয় গভীরতা = (5.1 + 0.05)m = 5.15 m`: চূড়ান্ত উত্তর বের করার জন্য প্রাপ্ত `h` (এখানে 5.1m ব্যবহার করা হয়েছে) এর সাথে 0.05m যোগ করা হয়েছে। 0.05m বা 5 cm সম্ভবত সমস্যার একটি প্রাথমিক শর্ত বা নির্দিষ্ট বিন্দু থেকে গভীরতা পরিমাপের জন্য একটি অতিরিক্ত মান। যদি গণনা করা সঠিক `h = 5.17m` ব্যবহার করা হতো, তাহলে নির্ণেয় গভীরতা হতো `(5.17 + 0.05)m = 5.22 m`। সুতরাং, প্রদত্ত সমাধান অংশে চূড়ান্ত গণনায় ভুল থাকতে পারে।

**নম্বর বণ্টন বিশ্লেষণ:**

*   `P1 = Patm; P2 = Patm + hpwg; লেখার জন্য ০২ নম্বর।`: চাপগুলোর সংজ্ঞা লেখার জন্য 2 নম্বর।
*   `P2 × 10 = P1 × 15; নির্ণয় করার জন্য ০৩ নম্বর।`: চাপ এবং আয়তনের সম্পর্কটি বের করার জন্য 3 নম্বর।
*   `h = 5.17m; নির্ণয় করার জন্য ০৫ নম্বর।`: সম্পর্ক থেকে `h` এর মান গণনা করার জন্য সর্বাধিক 5 নম্বর। এটি নিশ্চিত করে যে প্রত্যাশিত `h` এর মান 5.17m।
*   `বিদ্র: একক না লিখলে বা ভুল একক লিখলে ০১ নম্বর কর্তন করা হবে।`: একক লেখার গুরুত্ব উল্লেখ করা হয়েছে।

**সারসংক্ষেপ:**

প্রদত্ত লেখাটি একটি পদার্থবিদ্যার সমস্যা সমাধানের একটি ধাপ এবং তার নম্বর বণ্টন। সমাধানটি বায়ুমণ্ডলীয় চাপ, তরল চাপ এবং সম্ভবত গ্যাসের আচরণ (বয়েলের সূত্র) ব্যবহার করে একটি উচ্চতা `h` নির্ণয় করে। চূড়ান্ত গভীরতা নির্ণয়ের জন্য এই `h` এর সাথে একটি অতিরিক্ত মান (0.05m) যোগ করা হয়েছে। সমাধান পদ্ধতির ধাপগুলো নম্বর বণ্টনের সাথে সঙ্গতিপূর্ণ, তবে `h` এর নির্ণীত মানে এবং চূড়ান্ত গণনায় সামান্য অসঙ্গতি (5.1m বনাম 5.17m) দেখা যাচ্ছে। প্রত্যাশিত সঠিক `h` সম্ভবত 5.17m, এবং সেই অনুযায়ী চূড়ান্ত উত্তর 5.22m হওয়া উচিত ছিল, যদি 0.05m যোগ করার অংশটি সঠিক হয়।",1236,"এখানে প্রদত্ত সমস্যাটির সমাধান এবং নম্বর বণ্টন নিচে পরিষ্কারভাবে উপস্থাপন করা হলো। আমরা ধরে নিচ্ছি যে কিছু আদর্শ মান (যেমন বায়ুমণ্ডলীয় চাপ, পানির ঘনত্ব, অভিকর্ষজ ত্বরণ) ব্যবহার করা হবে অথবা সেগুলো প্রশ্নে দেওয়া আছে।

**প্রশ্নের সমাধান:**

ধরি,
বায়ুমণ্ডলীয় চাপ = P₁ = P_atm
h গভীরতায় চাপ = P₂ = P_atm + hρwg
যেখানে,
h = গভীরতা
ρw = পানির ঘনত্ব
g = অভিকর্ষজ ত্বরণ

প্রদত্ত সম্পর্ক অনুযায়ী (সম্ভবত बॉयलের সূত্র এবং আয়তনের পরিবর্তন থেকে প্রাপ্ত):
P₂ × 10 = P₁ × 15

এই সমীকরণটিকে সরল করলে পাই:
P₂ / P₁ = 15 / 10
P₂ / P₁ = 3 / 2
⇒ P₂ = (3/2) P₁

এখন P₁ এবং P₂ এর মান বসিয়ে পাই:
(P_atm + hρwg) = (3/2) P_atm
P_atm + hρwg = 1.5 P_atm
hρwg = 1.5 P_atm - P_atm
hρwg = 0.5 P_atm
⇒ h = (0.5 × P_atm) / (ρwg)

যদি আমরা আদর্শ মান ব্যবহার করি:
P_atm = 1.013 × 10⁵ Pa (প্যাসকেল)
ρw = 1000 kg/m³ (কিলোগ্রাম/মিটার³)
g = 9.8 m/s² (মিটার/সেকেন্ড²)

তাহলে,
h = (0.5 × 1.013 × 10⁵ Pa) / (1000 kg/m³ × 9.8 m/s²)
h = (50650 Pa) / (9800 kg/m²s²)
h ≈ 5.16836 m
h ≈ 5.17 m (দুই দশমিক স্থান পর্যন্ত আসন্ন মান)

প্রদত্ত তথ্য অনুযায়ী, নির্ণেয় গভীরতা হলো (h + 0.05) m। (এই 0.05 m সম্ভবত মূল প্রশ্নে উল্লিখিত কোনো অতিরিক্ত শর্ত বা পরিমাপের অংশ।)

অতএব, নির্ণেয় গভীরতা = (5.17 + 0.05) m = 5.22 m

**চূড়ান্ত উত্তর:** নির্ণেয় গভীরতা = 5.22 m

---

**নম্বর বণ্টন (প্রদত্ত অনুযায়ী, সামঞ্জস্যপূর্ণ মানের সাথে):**

1.  P₁ = P_atm; P₂ = P_atm + hρwg; লেখার জন্য ০২ নম্বর।
    *   এখানে P₁ দ্বারা বায়ুমণ্ডলীয় চাপ এবং P₂ দ্বারা h গভীরতায় মোট চাপ বোঝানো হয়েছে। ρwg হলো h উচ্চতার পানিস্তম্ভের চাপ।

2.  P₂ × 10 = P₁ × 15; নির্ণয় করার জন্য (অথবা প্রশ্ন থেকে লেখার জন্য) ০৩ নম্বর।
    *   এই সম্পর্কটি সাধারণত গ্যাসের আয়তন পরিবর্তনের সাথে চাপের সম্পর্ক (যেমন बॉयलের সূত্র) থেকে আসে। উদাহরণস্বরূপ, যদি গভীরতায় গ্যাসের আয়তন 10 একক এবং পৃষ্ঠে আয়তন 15 একক হয়, তবে P₂V₂ = P₁V₁ থেকে এই সম্পর্কটি পাওয়া যায়।

3.  h = 5.17m; নির্ণয় করার জন্য ০৫ নম্বর।
    *   উপরে দেখানো গণনা অনুসারে h এর মান সঠিকভাবে 5.17m নির্ণয় করতে হবে।

**মোট নম্বর = ০২ + ০৩ + ০৫ = ১০ নম্বর।**

**বিঃদ্রঃ** একক না লিখলে বা ভুল একক লিখলে ০১ নম্বর কর্তন করা হবে। (এটি নিশ্চিত করতে হবে যে সকল ভৌত রাশির সাথে সঠিক একক ব্যবহার করা হয়েছে, যেমন P এর জন্য Pa, h এর জন্য m, ρ এর জন্য kg/m³, g এর জন্য m/s²)।

---
**গুরুত্বপূর্ণ নোট:**
প্রদত্ত সমাধানে `h = 5.1m` উল্লেখ করা হয়েছিল, কিন্তু নম্বর বণ্টনে `h = 5.17m` এর জন্য নম্বর বরাদ্দ করা হয়েছে। আদর্শ মান ব্যবহার করে গণনা করলে `h ≈ 5.17m` পাওয়া যায়। তাই, সামঞ্জস্যের জন্য `h = 5.17m` ব্যবহার করা হয়েছে এবং এর ভিত্তিতে চূড়ান্ত উত্তর `5.22m` নির্ণয় করা হয়েছে। যদি প্রশ্নে P_atm, ρ_w, বা g এর ভিন্ন মান দেওয়া থাকে, তবে h এর মান পরিবর্তিত হতে পারে।",994
